{"mean":[149.6072540283203],"std":[22.83722496032715]}